{"cameraMode":{"drawMode":0,"name":"Shaded","section":"Shading Mode"},"sceneLighting":true,"audioPlay":false,"sceneViewState":{"m_AlwaysRefresh":false,"showFog":true,"showSkybox":true,"showFlares":true,"showImageEffects":true,"showParticleSystems":true,"showVisualEffectGraphs":true,"m_FxEnabled":true},"in2DMode":false,"pivot":{"x":1.2754745483398438,"y":-0.6711101531982422,"z":11.835689544677735},"rotation":{"x":-0.294914573431015,"y":-0.1194210797548294,"z":0.037178222090005878,"w":-0.9473035931587219},"size":22.453638076782228,"orthographic":false}