{"cameraMode":{"drawMode":0,"name":"Shaded","section":"Shading Mode"},"sceneLighting":false,"audioPlay":false,"sceneViewState":{"m_AlwaysRefresh":false,"showFog":true,"showSkybox":false,"showFlares":true,"showImageEffects":true,"showParticleSystems":true,"showVisualEffectGraphs":true,"m_FxEnabled":true},"in2DMode":false,"pivot":{"x":5.0315117835998539,"y":0.7370259761810303,"z":1.5852007865905762},"rotation":{"x":-0.24178017675876618,"y":-0.29634636640548708,"z":0.07782299816608429,"w":-0.9206873774528503},"size":6.374528884887695,"orthographic":false}